2016-01-19,01:19:37,hfhh,dfs,elec,12,21213,1213232
2016-01-11,00:00:00,1312,sfsf,roof,12,1213,21
2016-01-19,01:19:37,hfhh,dfs,elec,12,21213,1213232
2016-01-11,00:00:00,1312,sfsf,roof,12,1213,21
2016-01-19,01:19:37,hfhh,dfs,elec,12,21213,1213232
2016-01-11,00:00:00,1312,sfsf,roof,12,1213,21
2016-01-19,01:19:37,hfhh,dfs,elec,12,21213,1213232
2016-01-11,00:00:00,1312,sfsf,roof,12,1213,21
2016-01-21,02:06:42,asd,dsa,roof,12,12,2121
2016-01-21,02:06:42,asd,dsa,roof,12,12,2121
2016-01-12,06:00:00,3213,dsa,roof,2,21,weq
2016-01-12,06:00:00,3213,dsa,roof,2,21,weq
2016-01-21,23:59:55,qwqee,dsa,gas,12,2324,12313
2016-01-21,23:59:55,qwqee,dsa,gas,12,2324,12313
2016-01-21,02:06:42,asd,dsa,roof,12,12,2121
2016-01-12,06:00:00,3213,dsa,roof,2,21,weq
2016-01-21,23:59:55,qwqee,dsa,gas,12,2324,12313
2016-01-21,02:06:42,asd,dsa,roof,12,12,2121
2016-01-12,06:00:00,3213,dsa,roof,2,21,weq
2016-01-21,23:59:55,qwqee,dsa,gas,12,2324,12313
2016-01-21,02:06:42,asd,dsa,roof,12,12,2121
2016-01-12,06:00:00,3213,dsa,roof,2,21,weq
2016-01-21,23:59:55,qwqee,dsa,gas,12,2324,12313
2016-01-21,02:06:42,asd,dsa,roof,12,12,2121
2016-01-12,06:00:00,3213,dsa,roof,2,21,weq
2016-01-21,23:59:55,qwqee,dsa,gas,12,2324,12313
